{
    "utterances": [
        {
            "text": "Clear targets",
            "entities": [],
            "traits": [],
            "intent": "disengage_target"
        },
        {
            "text": "Disengage",
            "entities": [],
            "traits": [],
            "intent": "disengage_target"
        },
        {
            "text": "Engage targets",
            "entities": [],
            "traits": [],
            "intent": "target_enemy"
        },
        {
            "text": "Highlight hostiles",
            "entities": [],
            "traits": [],
            "intent": "target_enemy"
        },
        {
            "text": "Jarvis lock on enemy",
            "entities": [],
            "traits": [],
            "intent": "target_enemy"
        },
        {
            "text": "Show me the enemies",
            "entities": [],
            "traits": [],
            "intent": "target_enemy"
        },
        {
            "text": "Stop highlighting",
            "entities": [],
            "traits": [],
            "intent": "disengage_target"
        },
        {
            "text": "Target all enemies",
            "entities": [],
            "traits": [],
            "intent": "target_enemy"
        },
        {
            "text": "Targets clear",
            "entities": [],
            "traits": [],
            "intent": "disengage_target"
        }
    ]
}
